{"stats":{"minecraft:killed":{"minecraft:salmon":1,"minecraft:tropical_fish":2,"minecraft:chicken":1,"minecraft:cod":1},"minecraft:dropped":{"minecraft:waxed_weathered_chiseled_copper":1,"minecraft:waxed_exposed_chiseled_copper":1,"minecraft:waxed_cut_copper":1,"minecraft:waxed_oxidized_copper":1,"minecraft:waxed_oxidized_chiseled_copper":1,"minecraft:smooth_stone_slab":1,"minecraft:hay_block":1,"minecraft:dark_prismarine":1,"minecraft:lodestone":1,"minecraft:waxed_weathered_copper":1,"minecraft:waxed_chiseled_copper":1,"minecraft:waxed_exposed_cut_copper":1,"minecraft:purpur_block":1,"minecraft:waxed_oxidized_cut_copper":1,"minecraft:lapis_block":1,"minecraft:prismarine_bricks":1,"minecraft:netherite_block":1,"minecraft:waxed_weathered_cut_copper":1},"minecraft:picked_up":{"minecraft:tropical_fish":2,"minecraft:spruce_sapling":1,"minecraft:glow_item_frame":8,"minecraft:furnace_minecart":1,"minecraft:stone_button":26,"minecraft:smooth_stone_slab":2,"minecraft:tripwire_hook":1,"minecraft:purpur_block":1,"minecraft:redstone":1,"minecraft:cod":1,"minecraft:white_banner":7,"minecraft:dark_prismarine":1,"minecraft:salmon":1,"minecraft:waxed_oxidized_cut_copper":1,"minecraft:spruce_sign":4,"minecraft:stick":2,"minecraft:prismarine_bricks":1,"minecraft:redstone_torch":4,"minecraft:chicken":1,"minecraft:item_frame":157,"minecraft:shulker_box":71,"minecraft:spruce_hanging_sign":1,"minecraft:music_disc_far":1,"minecraft:hay_block":1,"minecraft:lapis_block":1,"minecraft:azalea":2,"minecraft:dandelion":30,"minecraft:polished_blackstone":4,"minecraft:spruce_door":1,"minecraft:spruce_trapdoor":1,"minecraft:yellow_bed":2,"minecraft:waxed_cut_copper":1,"minecraft:polished_blackstone_slab":1,"minecraft:red_banner":2,"minecraft:netherite_block":1,"minecraft:light_gray_carpet":23,"minecraft:rail":426,"minecraft:waxed_oxidized_chiseled_copper":1,"minecraft:wither_rose":4,"minecraft:waxed_weathered_copper":1,"minecraft:lever":2,"minecraft:black_carpet":27,"minecraft:smooth_stone":1,"minecraft:azure_bluet":3,"minecraft:bell":2,"minecraft:waxed_oxidized_copper_door":1,"minecraft:lodestone":1,"minecraft:oxeye_daisy":2,"minecraft:redstone_block":6,"minecraft:waxed_exposed_chiseled_copper":1,"minecraft:waxed_exposed_cut_copper":1,"minecraft:brown_carpet":1,"minecraft:oak_hanging_sign":9,"minecraft:wheat_seeds":39,"minecraft:light_gray_banner":49,"minecraft:waxed_weathered_chiseled_copper":1,"minecraft:ochre_froglight":6,"minecraft:bone_meal":1,"minecraft:waxed_weathered_cut_copper":1,"minecraft:anvil":1,"minecraft:trial_key":18,"minecraft:black_banner":112,"minecraft:poppy":3,"minecraft:flower_pot":5,"minecraft:yellow_banner":2,"minecraft:oak_sapling":1,"minecraft:polished_blackstone_stairs":1,"minecraft:written_book":100,"minecraft:oak_sign":16,"minecraft:writable_book":20,"minecraft:ladder":303,"minecraft:waxed_oxidized_copper":1,"minecraft:waxed_copper_bulb":2,"minecraft:filled_map":113,"minecraft:waxed_chiseled_copper":1,"minecraft:cornflower":3},"minecraft:used":{"minecraft:polished_tuff":7535,"minecraft:waxed_oxidized_copper_bulb":2,"minecraft:netherite_block":476,"minecraft:daylight_detector":2,"minecraft:ancient_debris":1,"minecraft:waxed_weathered_copper":27,"minecraft:end_stone":1,"minecraft:clay":3,"minecraft:cartography_table":29,"minecraft:smooth_sandstone_stairs":105,"minecraft:white_banner":18,"minecraft:mud":3,"minecraft:polished_tuff_slab":1181,"minecraft:shulker_box":76,"minecraft:campfire":4,"minecraft:wither_rose":28,"minecraft:brick_stairs":27,"minecraft:glass":16,"minecraft:polished_diorite_stairs":184,"minecraft:prismarine_slab":3,"minecraft:waxed_oxidized_cut_copper_slab":132,"minecraft:mushroom_stem":9,"minecraft:polished_blackstone":2071,"minecraft:quartz_block":1,"minecraft:allium":1,"minecraft:decorated_pot":4,"minecraft:hay_block":5,"minecraft:light_gray_stained_glass_pane":1,"minecraft:azalea_leaves":4,"minecraft:waxed_exposed_copper_bulb":1,"minecraft:detector_rail":7,"minecraft:light_gray_carpet":67,"minecraft:polished_tuff_stairs":2170,"minecraft:polished_blackstone_slab":450,"minecraft:blue_concrete":1,"minecraft:oak_log":2,"minecraft:sea_lantern":35,"minecraft:red_nether_brick_wall":3,"minecraft:spruce_slab":122,"minecraft:polished_deepslate_slab":377,"minecraft:stonecutter":1,"minecraft:diorite_wall":40,"minecraft:dried_kelp_block":9,"minecraft:poppy":2,"minecraft:moss_block":579,"minecraft:waxed_exposed_copper_trapdoor":714,"minecraft:brown_mushroom_block":27,"minecraft:calcite":30,"minecraft:armor_stand":4,"minecraft:polished_granite_stairs":328,"minecraft:dark_oak_hanging_sign":9,"minecraft:waxed_exposed_cut_copper":360,"minecraft:spruce_hanging_sign":12,"minecraft:cobbled_deepslate":7,"minecraft:polished_diorite":1123,"minecraft:dark_prismarine":130,"minecraft:waxed_exposed_copper":4,"minecraft:quartz_pillar":7,"minecraft:andesite_wall":630,"minecraft:waxed_lightning_rod":30,"minecraft:pale_oak_trapdoor":62,"minecraft:light_gray_banner":113,"minecraft:oak_hanging_sign":39,"minecraft:orange_dye":2,"minecraft:anvil":22,"minecraft:spruce_fence_gate":324,"minecraft:white_stained_glass_pane":1,"minecraft:waxed_cut_copper":31,"minecraft:dead_brain_coral_block":1,"minecraft:written_book":51,"minecraft:polished_granite":2896,"minecraft:sand":8,"minecraft:redstone_block":241,"minecraft:lodestone":1425,"minecraft:bamboo_fence":4,"minecraft:waxed_weathered_copper_grate":11,"minecraft:polished_granite_slab":266,"minecraft:glow_ink_sac":2,"minecraft:gray_wool":14,"minecraft:chainmail_boots":1,"minecraft:dark_oak_fence_gate":115,"minecraft:bucket":40,"minecraft:flower_pot":11,"minecraft:black_stained_glass":35,"minecraft:smooth_stone_slab":1267,"minecraft:iron_door":67,"minecraft:bedrock":12,"minecraft:yellow_banner":10,"minecraft:oak_trapdoor":76,"minecraft:grass_block":1959,"minecraft:nether_bricks":1,"minecraft:string":866,"minecraft:jungle_sign":17,"minecraft:waxed_weathered_cut_copper_slab":8,"minecraft:honeycomb":24,"minecraft:birch_slab":2,"minecraft:polished_blackstone_stairs":787,"minecraft:deepslate":9,"minecraft:brown_carpet":382,"minecraft:andesite":19,"minecraft:polished_deepslate":507,"minecraft:chiseled_deepslate":98,"minecraft:dark_oak_log":5,"minecraft:acacia_sign":2,"minecraft:waxed_copper_block":84,"minecraft:verdant_froglight":26,"minecraft:rooted_dirt":3,"minecraft:ochre_froglight":2,"minecraft:light_gray_wool":197,"minecraft:waxed_exposed_copper_bars":8,"minecraft:waxed_oxidized_cut_copper_stairs":95,"minecraft:minecart":56,"minecraft:packed_ice":44,"minecraft:smooth_stone":3075,"minecraft:oxeye_daisy":4,"minecraft:diorite":78,"minecraft:redstone":13,"minecraft:waxed_weathered_lightning_rod":3,"minecraft:spruce_door":21,"minecraft:map":245,"minecraft:waxed_cut_copper_stairs":29,"minecraft:cherry_sign":3,"minecraft:stone":1098,"minecraft:waxed_copper_grate":19,"minecraft:raw_iron_block":2,"minecraft:light_blue_stained_glass_pane":37,"minecraft:spruce_sign":52,"minecraft:spruce_trapdoor":959,"minecraft:red_dye":1,"minecraft:salmon_spawn_egg":1,"minecraft:bush":7,"minecraft:white_tulip":8,"minecraft:bone_block":1,"minecraft:lapis_block":4,"minecraft:glow_item_frame":12,"minecraft:waxed_oxidized_copper_trapdoor":22,"minecraft:smoker":1,"minecraft:pale_oak_hanging_sign":2,"minecraft:moss_carpet":1,"minecraft:waxed_oxidized_chiseled_copper":4,"minecraft:red_banner":5,"minecraft:soul_soil":2,"minecraft:spruce_log":9,"minecraft:water_bucket":72,"minecraft:soul_sand":1,"minecraft:polished_blackstone_button":9,"minecraft:black_stained_glass_pane":297,"minecraft:blackstone_stairs":9,"minecraft:chiseled_stone_bricks":3,"minecraft:black_bed":2,"minecraft:pale_moss_block":14,"minecraft:pink_dye":2,"minecraft:dead_bubble_coral_block":1,"minecraft:iron_chain":250,"minecraft:yellow_terracotta":109,"minecraft:chicken_spawn_egg":1,"minecraft:black_dye":2,"minecraft:polished_blackstone_brick_wall":4,"minecraft:dead_horn_coral_block":1,"minecraft:gravel":19,"minecraft:cake":1,"minecraft:light_blue_terracotta":426,"minecraft:waxed_weathered_cut_copper_stairs":43,"minecraft:smooth_sandstone":704,"minecraft:snow_block":568,"minecraft:sculk_sensor":1,"minecraft:smooth_red_sandstone":208,"minecraft:dark_oak_trapdoor":79,"minecraft:cauldron":14,"minecraft:enchanting_table":1,"minecraft:polished_andesite_stairs":979,"minecraft:prismarine":2,"minecraft:painting":11,"minecraft:crying_obsidian":1,"minecraft:repeater":2,"minecraft:andesite_stairs":4,"minecraft:stone_slab":357,"minecraft:pink_tulip":1,"minecraft:player_head":66,"minecraft:waxed_weathered_cut_copper":17,"minecraft:brick_slab":13,"minecraft:iron_block":3,"minecraft:black_banner":193,"minecraft:test_instance_block":6,"minecraft:waxed_exposed_cut_copper_slab":56,"minecraft:sticky_piston":4,"minecraft:light_gray_concrete":376,"minecraft:black_carpet":437,"minecraft:oak_sign":116,"minecraft:bamboo_slab":4,"minecraft:dark_oak_stairs":1,"minecraft:glass_pane":1,"minecraft:lantern":13,"minecraft:granite":212,"minecraft:chiseled_tuff_bricks":177,"minecraft:waxed_exposed_chiseled_copper":103,"minecraft:bricks":124,"minecraft:pale_oak_sign":26,"minecraft:blue_orchid":1,"minecraft:dark_prismarine_stairs":147,"minecraft:waxed_exposed_cut_copper_stairs":183,"minecraft:waxed_oxidized_lightning_rod":5,"minecraft:tinted_glass":204,"minecraft:smooth_quartz":1851,"minecraft:pale_oak_door":1,"minecraft:grindstone":154,"minecraft:blackstone":30,"minecraft:jukebox":27,"minecraft:purpur_block":8,"minecraft:dandelion":2,"minecraft:chiseled_polished_blackstone":22,"minecraft:waxed_weathered_copper_door":2,"minecraft:tropical_fish_spawn_egg":2,"minecraft:netherrack":1,"minecraft:mangrove_roots":1,"minecraft:chiseled_quartz_block":4,"minecraft:chiseled_tuff":5,"minecraft:dried_ghast":2,"minecraft:lightning_rod":95,"minecraft:soul_torch":2,"minecraft:chiseled_resin_bricks":3,"minecraft:prismarine_bricks":6,"minecraft:cod_spawn_egg":3,"minecraft:writable_book":275,"minecraft:bone_meal":281,"minecraft:item_frame":494,"minecraft:waxed_exposed_lightning_rod":13,"minecraft:yellow_dye":3,"minecraft:coal_block":2,"minecraft:dirt":221,"minecraft:obsidian":1,"minecraft:dark_oak_sign":12,"minecraft:spruce_leaves":12544,"minecraft:furnace_minecart":5,"minecraft:spruce_planks":415,"minecraft:tall_dry_grass":1,"minecraft:oak_leaves":1845,"minecraft:dark_oak_door":20,"minecraft:waxed_oxidized_copper_door":9,"minecraft:flowering_azalea_leaves":1,"minecraft:smooth_sandstone_slab":21,"minecraft:basalt":4,"minecraft:test_block":5,"minecraft:oxidized_copper_trapdoor":13,"minecraft:rail":319,"minecraft:iron_bars":600,"minecraft:polished_basalt":3,"minecraft:red_mushroom_block":4,"minecraft:muddy_mangrove_roots":1,"minecraft:waxed_copper_bulb":12,"minecraft:nether_brick_fence":318,"minecraft:lectern":187,"minecraft:granite_wall":338,"minecraft:spyglass":30,"minecraft:powered_rail":23,"minecraft:chiseled_bookshelf":136,"minecraft:dripstone_block":9,"minecraft:brick_wall":118,"minecraft:warped_sign":1,"minecraft:end_rod":99,"minecraft:ice":29,"minecraft:spruce_fence":811,"minecraft:polished_deepslate_wall":526,"minecraft:prismarine_wall":53,"minecraft:waxed_copper_trapdoor":176,"minecraft:spruce_stairs":102,"minecraft:waxed_chiseled_copper":5,"minecraft:red_concrete":7254,"minecraft:waxed_exposed_copper_door":18,"minecraft:diorite_stairs":14,"minecraft:brown_banner":61,"minecraft:packed_mud":11,"minecraft:bookshelf":828,"minecraft:ladder":440,"minecraft:waxed_copper_door":4,"minecraft:command_block":2,"minecraft:polished_tuff_wall":1190,"minecraft:dark_oak_fence":2263,"minecraft:stripped_pale_oak_wood":6,"minecraft:magma_block":1,"minecraft:blast_furnace":7,"minecraft:tuff_wall":11,"minecraft:azalea":291,"minecraft:tuff":4,"minecraft:lime_terracotta":128,"minecraft:piston":11,"minecraft:lava_bucket":1,"minecraft:pearlescent_froglight":20,"minecraft:polished_deepslate_stairs":86,"minecraft:dark_prismarine_slab":47,"minecraft:dead_fire_coral_block":1,"minecraft:waxed_weathered_chiseled_copper":31,"minecraft:hopper":90,"minecraft:polished_andesite":2705,"minecraft:resin_block":1,"minecraft:heavy_core":36,"minecraft:note_block":1,"minecraft:waxed_weathered_copper_trapdoor":17,"minecraft:copper_trapdoor":13,"minecraft:lime_dye":2,"minecraft:gold_block":17,"minecraft:polished_blackstone_wall":649,"minecraft:granite_stairs":32,"minecraft:waxed_oxidized_copper":3,"minecraft:polished_diorite_slab":270,"minecraft:waxed_exposed_copper_grate":133,"minecraft:light_blue_dye":3,"minecraft:smooth_quartz_slab":359,"minecraft:blue_dye":2,"minecraft:white_dye":8,"minecraft:exposed_copper_trapdoor":1,"minecraft:repeating_command_block":5,"minecraft:smooth_basalt":10,"minecraft:bell":8,"minecraft:pale_oak_log":3,"minecraft:yellow_concrete":36,"minecraft:lever":27,"minecraft:oak_button":1,"minecraft:waxed_cut_copper_slab":2,"minecraft:white_concrete":1109,"minecraft:resin_brick_wall":3,"minecraft:tripwire_hook":10,"minecraft:stone_button":193,"minecraft:dead_tube_coral_block":2,"minecraft:debug_stick":487,"minecraft:composter":1,"minecraft:stone_stairs":142,"minecraft:chiseled_nether_bricks":6,"minecraft:green_banner":4,"minecraft:cyan_terracotta":30,"minecraft:waxed_oxidized_cut_copper":134,"minecraft:smooth_quartz_stairs":116,"minecraft:ender_chest":3,"minecraft:redstone_torch":39,"minecraft:lime_concrete":192,"minecraft:spruce_sapling":2,"minecraft:brown_wool":629,"minecraft:polished_andesite_slab":461,"minecraft:brown_shulker_box":5},"minecraft:custom":{"minecraft:time_since_rest":802346,"minecraft:talked_to_villager":11,"minecraft:leave_game":88,"minecraft:damage_taken":220,"minecraft:mob_kills":5,"minecraft:open_shulker_box":163,"minecraft:time_since_death":802299,"minecraft:open_enderchest":8,"minecraft:total_world_time":6134306,"minecraft:crouch_one_cm":281181,"minecraft:climb_one_cm":42849,"minecraft:deaths":5,"minecraft:minecart_one_cm":176494,"minecraft:walk_one_cm":4685883,"minecraft:walk_under_water_one_cm":5981,"minecraft:interact_with_lectern":168,"minecraft:damage_dealt":180,"minecraft:play_time":4829389,"minecraft:jump":8796,"minecraft:play_record":1,"minecraft:drop":18,"minecraft:interact_with_cartography_table":39,"minecraft:bell_ring":1,"minecraft:sprint_one_cm":2195853,"minecraft:fill_cauldron":2,"minecraft:inspect_hopper":8,"minecraft:fall_one_cm":3793,"minecraft:tune_noteblock":4,"minecraft:fly_one_cm":62946341,"minecraft:interact_with_anvil":35,"minecraft:walk_on_water_one_cm":5816,"minecraft:sneak_time":298715,"minecraft:interact_with_grindstone":14}},"DataVersion":4556}